word,count
data,4832
analyst,1885
career,1568
role,1555
join,1389
business,1270
looking,1207
working,974
team,969
company,867
work,783
new,776
opportunity,761
support,737
within,663
client,644
senior,640
experience,622
growing,596
across,574
analysis,555
engineer,546
leading,540
seeking,517
job,513
programme,513
based,509
global,500
part,493
skills,493
intelligence,485
key,478
software,476
hybrid,454
per,453
future,447
financial,445
artificial,442
qualified,431
place,418
science,402
analytical,402
well,399
could,389
days,388
london,382
solutions,377
finance,377
experienced,374
exciting,374
demand,365
help,364
around,364
sector,359
digital,357
industry,356
need,338
development,336
services,334
truly,325
communicate,322
technology,321
rewarding,319
contract,316
lead,315
specialised,311
recruitment,309
manager,303
detail,303
looks,302
permanent,295
use,294
technical,291
analytics,290
dynamic,285
full,285
every,284
strong,284
delivery,276
clients,273
week,272
remote,268
systems,267
using,257
range,254
driving,253
journey,252
responsible,251
commercial,251
best,241
find,238
used,237
expert,236
reporting,232
requires,230
play,229
operate,227
way,225
backed,225
providing,223
management,220
develop,219
kickstart,217
accredited,215
drive,214
people,212
benefit,210
projects,210
eager,210
jobs,210
online,209
supporting,208
even,207
comprehensive,207
careers,207
office,206
placement,206
successful,205
train,205
massive,204
developer,204
specialise,204
ready,203
scientist,202
deliver,200
companies,200
innovative,199
provide,198
currently,198
professionals,198
customer,197
without,197
one,196
benefits,195
prior,195
delivering,194
launching,192
engineering,192
highly,190
organisation,189
make,188
project,188
formal,188
candidate,187
brace,187
gratifying,187
forte,187
paves,187
security,186
recruiting,185
closely,182
time,182
shortages,182
position,180
ensuring,180
specialist,178
salary,177
risk,176
graduates,175
insights,173
passionate,172
marketing,172
product,172
candidates,169
description,167
assist,165
consultancy,165
top,164
required,164
including,163
employ,163
strategic,162
power,160
start,160
build,159
great,159
professional,159
consultant,158
offers,156
hours,156
travel,156
please,154
excellent,153
building,150
quality,150
service,148
flexible,148
research,147
critical,146
design,145
performance,145
training,144
location,144
complex,142
making,142
analysts,142
day,142
someone,142
growth,141
ensure,141
teams,141
bonus,139
offer,137
water,132
staff,130
also,130
running,130
ground,130
sales,129
organisations,129
advanced,127
customers,126
skilled,125
head,124
pricing,123
chance,122
ideal,122
expertise,122
high,122
expanding,120
partnering,120
graduate,120
focus,119
developing,119
months,119
pathway,117
environmental,116
tech,115
previous,115
market,114
central,114
change,114
spts,114
shape,113
insurance,113
infrastructure,113
hit,113
designed,112
want,111
group,111
firm,111
take,110
innovation,110
platform,110
better,109
process,108
products,107
note,107
manage,107
responsibilities,106
strategy,106
operations,105
manufacturing,105
information,104
continue,104
machine,104
fantastic,103
planning,103
program,103
unique,102
competitive,102
fully,102
life,101
architect,101
motivated,100
transforming,100
annum,99
learning,99
helps,99
seekers,99
needing,99
gained,99
managing,98
leader,97
offering,97
focused,97
partner,97
overview,96
talented,96
dedicated,95
next,95
environment,95
world,94
individuals,94
wide,94
opportunities,92
largest,90
technologies,90
individual,90
rapidly,90
due,90
portfolio,89
insight,89
operational,89
pivotal,88
passion,88
various,87
success,87
knowledge,87
month,86
plus,86
upwards,86
enhance,85
grown,84
impact,84
years,84
recruit,84
salaries,84
large,83
may,83
mission,83
access,83
applications,83
web,83
trainee,83
microsoft,82
credit,80
improve,79
healthcare,79
modelling,79
forefront,78
compliance,78
businesses,77
keep,76
provides,76
south,76
wafer,76
sql,75
international,74
private,74
investment,74
multiple,74
models,74
cloud,73
heart,73
energy,73
system,73
search,73
stack,73
diverse,72
established,72
wider,72
related,72
supportive,72
brand,72
perfect,72
level,72
trusted,71
latest,71
term,71
internal,71
consulting,71
maintain,70
reports,70
contribute,70
improving,70
real,70
exceptional,69
earning,69
markets,69
provider,68
become,68
stakeholders,68
ambitious,68
python,68
like,67
value,67
local,67
home,67
would,67
function,66
transformation,66
partnered,66
principal,65
collaborate,65
joining,64
first,64
background,63
maintaining,63
culture,63
site,63
understanding,62
agency,62
able,61
helping,61
major,61
arisen,61
variety,61
analyse,61
operating,60
public,60
health,60
transform,60
include,60
control,60
collaborating,59
must,59
end,59
sustainable,59
recent,59
backend,59
food,58
bring,58
summary,58
cyber,58
scheme,58
details,58
challenges,58
transport,58
field,58
trade,58
asset,57
needs,57
directly,57
creating,57
bank,57
upon,57
inside,57
interest,57
saas,57
processing,57
multi,57
crucial,56
excited,56
national,56
landscape,56
single,56
existing,55
property,55
involves,55
city,55
west,55
processes,55
pension,55
fixed,54
meet,54
alongside,54
right,54
implementation,54
create,53
regular,53
offices,53
essential,53
tools,52
committed,52
grow,52
enterprise,52
accurate,52
annual,52
solution,52
leadership,52
equipment,52
maintenance,51
renowned,51
commitment,51
practice,51
fraud,51
personal,51
enthusiastic,51
gis,51
together,50
optimise,50
manchester,50
vision,50
core,49
monday,49
collaborative,49
shaping,49
retail,49
production,49
enjoy,49
develops,49
junior,48
apply,48
defence,48
thrive,48
traineeship,48
guarantee,48
potential,48
division,48
clean,48
planner,48
delighted,47
lives,47
requirements,47
medical,47
progression,47
newly,47
communities,47
reassurance,47
miles,47
teacher,47
year,46
network,46
options,46
significant,46
hire,46
behalf,46
hiring,46
corporate,46
director,46
understand,45
whether,45
implement,45
strategies,45
get,45
big,45
monitoring,45
solving,45
proud,45
exclusively,45
underwriting,45
love,45
school,45
handling,45
clinical,45
speed,45
account,44
presence,44
base,44
driven,44
department,44
east,44
areas,44
computer,44
identify,43
actionable,43
purpose,43
believe,43
good,43
regulatory,43
oversee,43
created,43
expected,43
solve,43
device,43
procurement,42
centre,42
consumer,42
rate,42
assistant,42
technician,42
employees,41
includes,41
partners,41
ownership,41
pay,41
employee,41
officer,41
holiday,41
track,41
secure,41
sites,41
semiconductor,41
automation,40
onsite,40
values,40
circa,40
engineers,40
birmingham,40
revenue,39
effective,39
sits,39
covering,39
package,39
ability,39
step,39
clearance,39
care,39
kla,39
approach,38
area,38
proactive,38
bristol,38
application,38
fast,38
available,38
deep,38
cambridge,38
azure,38
glasgow,38
corporation,38
etch,38
deposition,38
supply,37
decision,37
analysing,37
two,37
platforms,37
duties,37
enable,37
depending,37
million,37
whilst,37
nature,37
commercially,37
scalable,37
minded,37
impactful,37
fintech,37
equity,37
government,37
properties,37
manufactures,37
excellence,36
leveraging,36
integration,36
organization,36
law,36
problem,36
near,36
designing,36
programming,36
ongoing,35
efficiency,35
require,35
line,35
decisions,35
tailored,35
north,35
outside,35
keeping,35
expand,35
sets,35
executive,35
works,35
searching,35
operative,35
dashboards,34
billion,34
everything,34
enabling,34
leaders,34
primary,34
doe,34
safety,34
applicants,34
communications,34
controls,34
bringing,33
different,33
enhancing,33
assurance,33
consider,33
modern,33
impressive,33
europe,33
keen,33
belfast,33
civil,33
never,33
overtime,33
weight,33
throughout,32
since,32
important,32
forward,32
associate,32
recognised,32
accounts,32
open,32
period,32
valuable,32
small,32
present,32
initiatives,32
inclusive,32
cost,32
wales,32
centroid,32
implementing,31
governance,31
midlands,31
industrial,31
ftc,31
friday,31
thriving,31
enjoys,31
main,31
excel,31
banking,31
record,31
specialising,31
programmes,31
progress,31
paid,31
fire,31
education,31
following,30
progressive,30
proven,30
ideally,30
everyone,30
cybersecurity,30
basis,30
operates,30
space,30
extensive,30
administration,30
construction,30
test,30
contributing,30
continuous,30
scotland,30
experts,30
edinburgh,30
legacies,30
saab,30
gain,29
protection,29
conducting,29
member,29
known,29
monthly,29
thrives,29
british,29
half,29
predictive,29
utilities,29
ideas,29
element,29
lights,29
starting,28
brands,28
share,28
edge,28
countries,28
tax,28
rapid,28
model,28
social,28
advice,28
partnership,28
problems,28
scottish,28
computing,28
academic,28
issues,27
accuracy,27
april,27
involve,27
last,27
shift,27
current,27
trading,27
communication,27
optimising,27
robust,27
database,27
robert,27
employment,27
modeller,27
seo,27
limited,27
plans,27
conferences,27
scientific,27
accelerating,27
talent,26
built,26
estate,26
authority,26
emerging,26
agile,26
colleagues,26
distribution,26
globally,26
identifying,26
pipelines,26
sectors,26
wfh,26
things,26
meaningful,26
sports,26
warehouse,26
housing,26
considered,26
sponsorship,26
relevant,26
managers,26
execution,26
smooth,26
functional,26
recruiter,26
boundaries,26
class,26
flood,26
town,26
chain,25
electrical,25
scale,25
integral,25
users,25
car,25
instrumental,25
prestigious,25
generate,25
accountant,25
act,25
speak,25
number,25
united,24
statistical,24
come,24
independent,24
hour,24
conduct,24
interpretation,24
content,24
society,24
pharmaceutical,24
enhanced,24
administrator,24
aws,24
vacancy,24
billing,24
asbestos,24
involved,24
broad,24
cardiff,24
electronics,24
zimmer,24
back,23
category,23
facilitate,23
achieve,23
objectives,23
free,23
salesforce,23
cutting,23
engagement,23
ecommerce,23
umbrella,23
varied,23
testing,23
assisting,23
analytically,23
hear,23
arrangements,23
earn,23
surveyor,23
qualifications,23
give,23
progressing,23
java,23
outstanding,23
hydraulic,23
reputation,22
aim,22
biggest,22
community,22
live,22
engage,22
person,22
efficient,22
foster,22
direction,22
sustainability,22
amazing,22
via,22
solid,22
asap,22
sap,22
creative,22
challenging,22
legal,22
northern,22
mobility,22
technological,22
particular,22
clear,21
integrated,21
turning,21
closing,21
protect,21
specialists,21
resource,21
see,21
surrey,21
going,21
either,21
taking,21
huge,21
capabilities,21
produce,21
put,21
suite,21
award,21
winning,21
forecasting,21
thinking,21
actuarial,21
lab,21
laboratory,21
detection,21
post,21
assets,21
accelerate,21
architecture,21
cross,21
land,21
scientists,21
turn,20
trends,20
claranet,20
supported,20
something,20
leeds,20
basic,20
aerospace,20
students,20
events,20
three,20
leverage,20
incredible,20
continued,20
suit,20
media,20
technically,20
peterborough,20
charity,20
lookout,20
engaging,20
interim,20
getting,20
possible,20
setting,20
seamless,20
learn,20
locations,20
mobile,20
changing,20
sciences,20
meaning,20
degree,20
pioneering,20
carrying,20
crm,19
requirement,19
responsibility,19
type,19
collaboration,19
detailed,19
leave,19
initial,19
weekly,19
geospatial,19
optimize,19
daily,19
subject,19
entry,19
capital,19
household,19
workforce,19
study,19
influence,19
utilising,19
aspect,19
embark,19
ensures,19
serve,19
really,18
employer,18
regional,18
collaboratively,18
manufacturer,18
pride,18
needed,18
stakeholder,18
empower,18
insurer,18
accounting,18
supports,18
integrity,18
challenge,18
initially,18
insightful,18
add,18
exposure,18
similar,18
player,18
audit,18
fresh,18
reading,18
mass,18
legacy,18
contact,18
vital,18
focusing,18
move,18
preparing,18
hris,18
startup,18
protecting,18
outcomes,18
policies,18
multidisciplinary,18
mainly,18
wind,18
managed,17
associated,17
long,17
assessments,17
human,17
threat,17
positive,17
ecosystem,17
set,17
advisory,17
along,17
monitor,17
custom,17
niche,17
temporary,17
unable,17
sources,17
multinational,17
specializing,17
assessment,17
advertising,17
institutions,17
developers,17
safeguard,17
embedded,17
interested,17
industries,17
technologist,17
pound,17
safran,17
nmc,17
logistics,16
money,16
look,16
rest,16
effectively,16
techniques,16
kingdom,16
soc,16
busy,16
external,16
spend,16
friendly,16
carbon,16
transition,16
combine,16
leicester,16
confident,16
producing,16
review,16
improvement,16
fit,16
greater,16
user,16
alignment,16
difference,16
sought,16
liverpool,16
operation,16
standards,16
perform,16
optimisation,16
generous,16
mapping,16
quantitative,16
fmcg,16
entrepreneurial,16
done,16
fuel,16
servicenow,16
entire,16
keyword,16
zero,16
introduction,16
lending,16
admin,16
read,16
push,16
natural,16
ecologist,16
youll,16
proofpoint,16
naval,16
weymouth,16
collation,16
submarine,16
aggregating,16
biomet,16
master,15
respected,15
roles,15
pushing,15
generation,15
occasional,15
efforts,15
visualisation,15
representing,15
functions,15
foundation,15
located,15
duration,15
meeting,15
order,15
eligible,15
aligned,15
policy,15
pensions,15
connect,15
rare,15
mix,15
increase,15
define,15
much,15
stage,15
chemistry,15
perm,15
practices,15
undertake,15
superb,15
insurtech,15
revolutionising,15
novel,15
language,15
flexibility,15
geography,15
provided,14
retailers,14
source,14
defining,14
know,14
england,14
documentation,14
increasing,14
status,14
yorkshire,14
erp,14
fastest,14
comfortable,14
flagship,14
additional,14
phase,14
ever,14
reinsurance,14
lines,14
wealth,14
storage,14
specific,14
standard,14
reward,14
provision,14
link,14
eight,14
risks,14
advance,14
funds,14
front,14
beyond,14
net,14
expenses,14
smarter,14
title,14
stock,14
investigating,14
weakness,14
air,14
version,14
voice,14
chief,14
september,14
minds,14
swedish,14
ecological,14
many,13
wants,13
comfort,13
whole,13
discover,13
towards,13
supplier,13
primarily,13
automotive,13
resilient,13
report,13
wellbeing,13
ways,13
climate,13
allow,13
profitable,13
aspects,13
writing,13
fulfilment,13
scaling,13
investing,13
norfolk,13
goods,13
goal,13
prospects,13
overseeing,13
etl,13
creation,13
renewable,13
emea,13
utilise,13
analyze,13
given,13
utility,13
fund,13
plays,13
accurately,13
video,13
direct,13
millions,13
undergoing,13
allowance,13
european,13
exchange,13
kind,13
timely,13
interesting,13
budget,13
recently,13
members,13
second,13
impacts,13
cover,13
ireland,13
cro,13
claims,13
fun,13
trainer,13
influential,13
date,13
transformative,13
sound,13
offerings,13
pipeline,13
deploying,13
surrounding,13
trades,13
electrician,13
api,13
transmission,13
msc,13
bsc,13
citi,13
residential,13
anglian,13
interpret,12
ltd,12
empowers,12
vibrant,12
reliable,12
homes,12
plan,12
translate,12
retailer,12
datasets,12
specialty,12
ict,12
pattern,12
relationships,12
guidance,12
student,12
applying,12
appropriate,12
active,12
integrations,12
reference,12
announce,12
migration,12
extension,12
economic,12
scope,12
suitable,12
greenfield,12
automated,12
highest,12
requests,12
teradata,12
queries,12
tracking,12
assignment,12
hands,12
delivered,12
advantage,12
shared,12
coding,12
funding,12
combined,12
profitability,12
harper,12
prepare,12
significantly,12
norwich,12
others,12
brilliant,12
chosen,12
performing,12
milton,12
fosters,12
deploy,12
reed,12
nearly,12
hedge,12
cognos,12
google,12
treatment,12
oversight,12
array,12
acquisition,12
owner,12
ftse,12
payroll,12
technologists,12
fraudsters,12
peers,12
booking,12
organisational,12
ote,12
targeted,12
curiosity,12
biomedical,12
powered,12
phd,12
geotechnical,12
surveys,12
evolving,12
click,12
sparta,12
inform,11
founded,11
streamline,11
hundreds,11
profile,11
fostering,11
charge,11
practical,11
option,11
tasks,11
functionality,11
extra,11
least,11
form,11
sheffield,11
expansion,11
heritage,11
interpreting,11
uncover,11
skill,11
name,11
focuses,11
transfer,11
reputable,11
stem,11
headquartered,11
particularly,11
mod,11
path,11
balance,11
becoming,11
campaign,11
experiencing,11
minimum,11
quarterly,11
methods,11
priorities,11
side,11
cleared,11
simplifying,11
house,11
gaming,11
focussed,11
databases,11
constantly,11
features,11
teaching,11
shaking,11
joint,11
visionary,11
apprenticeship,11
urban,11
marine,11
flight,11
embrace,11
june,11
redefine,11
importance,10
providers,10
think,10
executing,10
incredibly,10
gather,10
greatest,10
happy,10
attention,10
identity,10
oracle,10
landmark,10
translating,10
capability,10
results,10
payment,10
family,10
tasked,10
fashion,10
several,10
email,10
bespoke,10
guide,10
gaining,10
point,10
assistance,10
selection,10
bridge,10
eligibility,10
purchasing,10
accountancy,10
seasoned,10
already,10
mentoring,10
overall,10
solver,10
dive,10
regulated,10
document,10
safeguarding,10
protected,10
compliant,10
launch,10
oxfordshire,10
activities,10
tool,10
willing,10
mentorship,10
renewed,10
dependent,10
lifestyle,10
resources,10
evangelist,10
perspective,10
educational,10
cryptocurrency,10
evolution,10
university,10
generative,10
llm,10
always,10
patients,10
computational,10
protein,10
early,10
hpc,10
designs,10
advisor,10
studio,10
biotech,10
hexwired,10
anywhere,10
biodiversity,10
electrofishing,10
grade,10
auto,10
offshore,10
achieving,9
hospitality,9
buy,9
encourage,9
recovery,9
combines,9
independently,9
playing,9
lots,9
affordable,9
qualification,9
payable,9
continuously,9
foundations,9
buying,9
double,9
reach,9
answer,9
telecommunications,9
boutique,9
four,9
guiding,9
agreed,9
informed,9
domestic,9
inspiring,9
telematics,9
till,9
regarded,9
receive,9
preference,9
method,9
resourcing,9
strengthen,9
reliability,9
winchester,9
improvements,9
paying,9
paced,9
increasingly,9
imaging,9
budgeting,9
vat,9
length,9
thousands,9
condition,9
respect,9
chester,9
tangible,9
obsessed,9
tick,9
traffic,9
past,9
lichfield,9
utilize,9
recognisable,9
positions,9
let,9
consultants,9
release,9
connecting,9
schemes,9
negotiable,9
sme,9
actively,9
possess,9
ordinary,9
preferred,9
align,9
whose,9
frameworks,9
higher,9
dynamics,9
code,9
adoption,9
coaching,9
yolk,9
bolster,9
banks,9
excels,9
workload,9
languages,9
quickly,9
programs,9
connected,9
trust,9
southwark,9
physiologist,9
harnessing,9
chemist,9
geoscience,9
biology,9
game,9
patient,9
groups,9
conservation,9
copilot,9
series,9
little,9
mott,9
blackrock,9
onshore,9
iqgeo,9
grounds,9
matters,8
internally,8
raw,8
art,8
organised,8
smes,8
deployment,8
investigations,8
canada,8
experiences,8
places,8
address,8
units,8
transformational,8
departments,8
lifecycle,8
vitality,8
metrics,8
hub,8
council,8
recommendations,8
mean,8
sourcing,8
reducing,8
combining,8
basingstoke,8
networks,8
motor,8
analyzing,8
made,8
parking,8
rich,8
spanning,8
cycle,8
commutable,8
unlock,8
heavily,8
snowflake,8
send,8
write,8
establish,8
specialises,8
complete,8
recognized,8
aviation,8
seeks,8
loves,8
statutory,8
driver,8
compelling,8
retain,8
upcoming,8
vba,8
cash,8
names,8
integrating,8
hays,8
genuinely,8
elevate,8
goals,8
luxury,8
enables,8
actually,8
hardware,8
presents,8
rewarded,8
county,8
keynes,8
preparation,8
ethical,8
delivers,8
inventory,8
expanded,8
establishing,8
means,8
close,8
cracking,8
boxes,8
thinks,8
gambling,8
typical,8
framework,8
desire,8
syndicate,8
matter,8
javascript,8
comes,8
scripting,8
employability,8
records,8
roadmap,8
inspire,8
hgv,8
devops,8
bens,8
odd,8
tier,8
angular,8
fibre,8
plumbing,8
spearhead,8
concept,8
gen,8
founding,8
semh,8
recognising,8
react,8
accessible,8
masters,8
specifically,8
uses,8
nottingham,8
biotechnology,8
multiomic,8
surveyors,8
instrumentation,8
firmware,8
specification,8
linux,8
dedication,8
meetings,8
designer,8
awaits,8
defect,8
fisheries,8
brightest,8
celebrates,8
seats,8
vulnerabilities,8
stop,8
deployments,8
stay,7
powerful,7
newcastle,7
successfully,7
apprentice,7
highways,7
self,7
considering,7
extract,7
requiring,7
leads,7
achieved,7
low,7
vehicle,7
reinsurer,7
presenting,7
mile,7
offered,7
card,7
regarding,7
got,7
revolutionise,7
crewe,7
investments,7
activity,7
twice,7
savvy,7
immediate,7
thinker,7
knack,7
sitting,7
hunt,7
five,7
reasons,7
couple,7
smart,7
app,7
administrative,7
enhancements,7
meets,7
communicator,7
hertfordshire,7
defined,7
enablement,7
assess,7
partnerships,7
capture,7
led,7
forecast,7
gym,7
enviable,7
visual,7
quest,7
templates,7
worked,7
eye,7
behaviour,7
forecasts,7
continuing,7
redefining,7
trained,7
encouraged,7
appreciate,7
preferably,7
less,7
berkshire,7
accordance,7
valued,7
compete,7
indirect,7
knowledgeable,7
aware,7
leisure,7
grc,7
temp,7
venture,7
another,7
marketplace,7
general,7
adapt,7
still,7
innovate,7
break,7
commission,7
response,7
enhancement,7
transaction,7
counting,7
ruled,7
appoint,7
span,7
ambition,7
oxford,7
teach,7
secondary,7
advancing,7
apis,7
node,7
vice,7
president,7
responsive,7
void,7
frontend,7
mon,7
typescript,7
bioinformatics,7
hydrogeologist,7
fleet,7
mathematics,7
sell,7
cell,7
fieldwork,7
center,7
graphic,7
discovery,7
authorities,7
distributors,7
stronger,7
substation,7
ran,7
macdonald,7
feel,7
welcome,7
holder,7
medicines,7
rural,7
tree,7
solar,7
curious,6
freight,6
clarion,6
exactly,6
history,6
mutual,6
behind,6
levels,6
optimizing,6
holland,6
discuss,6
handle,6
debt,6
commute,6
worker,6
crime,6
stockport,6
equiniti,6
servicing,6
respond,6
rspb,6
times,6
weeks,6
crowe,6
energetic,6
reconciliation,6
preston,6
elevation,6
consistency,6
submissions,6
acumen,6
hold,6
investigation,6
numbers,6
sole,6
michael,6
page,6
databricks,6
versatile,6
measurement,6
bishops,6
harlow,6
seen,6
wastewater,6
guildford,6
target,6
breadth,6
prominent,6
vendor,6
stuck,6
warwick,6
desirable,6
thames,6
rewards,6
spreadsheets,6
optimal,6
propensity,6
york,6
possibility,6
region,6
advising,6
encourages,6
astute,6
telford,6
unified,6
procedures,6
emphasis,6
mostly,6
stands,6
exists,6
reserving,6
gcms,6
evaluating,6
true,6
alfreton,6
consist,6
liaising,6
view,6
loan,6
workday,6
pro,6
maternity,6
attractive,6
owned,6
bloomberg,6
succeed,6
freelance,6
firms,6
survey,6
segments,6
march,6
although,6
igaming,6
estimator,6
desk,6
coordinating,6
reviews,6
clinically,6
reduced,6
premier,6
treasury,6
drives,6
sure,6
remain,6
adobe,6
attract,6
crawley,6
party,6
transparency,6
addition,6
assessor,6
trainers,6
blend,6
effectiveness,6
proactively,6
curriculum,6
behaviours,6
longstanding,6
adecco,6
achievement,6
autonomy,6
savings,6
suppliers,6
awareness,6
demands,6
configuration,6
blockchain,6
evaluate,6
commerce,6
virtual,6
country,6
putting,6
refine,6
speech,6
researcher,6
native,6
assessing,6
run,6
spatial,6
php,6
independence,6
wound,6
waste,6
emissions,6
carpentry,6
windows,6
mots,6
privacy,6
stays,6
chances,6
html,6
relocation,6
dbt,6
vector,6
kent,6
devices,6
materials,6
hydrogeology,6
backing,6
desktop,6
diagnostics,6
nationally,6
sen,6
wanted,6
ecology,6
habitat,6
plant,6
scheduling,6
workplace,6
unmatched,6
advert,6
pertemps,6
face,6
utilizing,6
newark,6
ingredients,6
contracting,6
receiving,6
hone,6
questions,6
specifications,6
internship,6
grid,6
radar,6
joins,6
buuk,6
stantec,6
geoarchaeologist,6
gridos,6
species,6
principally,6
cairngorms,6
catchment,6
validating,5
nationwide,5
facilities,5
diligent,5
motivation,5
brought,5
dual,5
domain,5
futures,5
manufacturers,5
convenience,5
assure,5
secondment,5
reduce,5
planet,5
contributions,5
builds,5
foundational,5
validate,5
incident,5
cases,5
sharepoint,5
giving,5
gap,5
luton,5
changes,5
bold,5
analyses,5
extend,5
task,5
automating,5
accountable,5
hoc,5
reviewing,5
selling,5
southampton,5
viqu,5
cheshire,5
coo,5
pleased,5
payments,5
james,5
mentor,5
analytic,5
bau,5
crying,5
demonstrating,5
statistics,5
deliverables,5
flows,5
updating,5
timelines,5
renewal,5
proficiency,5
directorate,5
certain,5
vast,5
bwd,5
experimentation,5
journeys,5
comms,5
seek,5
organizations,5
underwriters,5
load,5
opening,5
wholesale,5
institution,5
lucrative,5
cima,5
entertainment,5
cfo,5
longer,5
wanting,5
structure,5
intelligent,5
actual,5
documenting,5
guided,5
room,5
say,5
electronic,5
continues,5
structured,5
awards,5
pioneer,5
worcestershire,5
suffolk,5
rata,5
solely,5
included,5
cedar,5
likely,5
august,5
telecoms,5
diving,5
siem,5
invest,5
continual,5
gone,5
enthusiasm,5
religious,5
sexual,5
gender,5
showcasing,5
increased,5
evaluation,5
promoting,5
pmo,5
holborn,5
instantly,5
website,5
determine,5
continually,5
short,5
gas,5
relations,5
flow,5
islooking,5
bit,5
average,5
dependant,5
larger,5
owners,5
derivatives,5
split,5
broader,5
listed,5
organise,5
paye,5
worldwide,5
consistently,5
validation,5
consistent,5
confidence,5
equivalent,5
esg,5
freedom,5
therefore,5
squad,5
adhere,5
roots,5
puts,5
propositions,5
manufacture,5
coordinator,5
decisioning,5
spectrum,5
responsibly,5
allowing,5
concepts,5
crypto,5
assists,5
scorecard,5
body,5
deputy,5
audiences,5
crafting,5
reflected,5
ingestion,5
harness,5
embed,5
facing,5
developed,5
sequencing,5
pathways,5
young,5
avanti,5
sophisticated,5
visit,5
mlops,5
capable,5
adopt,5
engaged,5
execute,5
coming,5
representative,5
sdr,5
essex,5
feasibility,5
warehousing,5
sample,5
woking,5
royal,5
age,5
verification,5
yes,5
optical,5
manages,5
stevenage,5
perks,5
secured,5
park,5
advocates,5
akkodis,5
microscopy,5
synthetic,5
athletes,5
geology,5
advancement,5
proprietary,5
pest,5
editor,5
reigate,5
chemical,5
evolve,5
evidence,5
shares,5
autonomous,5
batch,5
special,5
collection,5
arboriculture,5
wildlife,5
agricultural,5
rely,5
familiarity,5
supervisor,5
groundbreaking,5
bus,5
huntingdon,5
trailblazing,5
estates,5
centres,5
geological,5
advise,5
aberdeen,5
employed,5
extensively,5
carry,5
employers,5
gwasanaethau,5
technicians,5
seasonal,5
workers,5
realise,5
medtech,5
oncology,5
installations,5
spans,5
geographic,5
surveillance,5
affordability,5
travelling,5
developments,5
agencies,5
regeneration,5
summer,5
cambridgeshire,5
dumfries,5
cwmbran,5
mark,5
visualization,5
medicine,5
genomics,5
flying,5
quantity,5
renewables,5
tackle,5
woodland,5
invasive,5
updated,4
foodbuy,4
cms,4
hard,4
received,4
externally,4
prepared,4
ceo,4
charles,4
moment,4
stories,4
empowered,4
highway,4
champion,4
families,4
parent,4
ask,4
perspectives,4
cef,4
employing,4
markerstudy,4
firmly,4
cultural,4
brings,4
prices,4
save,4
golf,4
catastrophe,4
wellness,4
bournemouth,4
deeper,4
brighton,4
sunday,4
liaise,4
kinds,4
holidays,4
canary,4
colleague,4
purchase,4
discretionary,4
encouraging,4
anyone,4
negotiation,4
initiative,4
discount,4
hyperfinity,4
charges,4
reshaping,4
approaching,4
outputs,4
extremely,4
ssrs,4
plenty,4
offline,4
accessibility,4
urgently,4
setup,4
infor,4
migrate,4
kpi,4
improved,4
facilitating,4
ethos,4
devon,4
orpington,4
idea,4
acquired,4
signals,4
easy,4
compare,4
fulltime,4
discussions,4
workflows,4
customised,4
showcase,4
tooling,4
troubleshooting,4
gloucestershire,4
strive,4
constant,4
institutional,4
investors,4
qualitative,4
controlling,4
holding,4
embarking,4
issue,4
standalone,4
specialize,4
thrilled,4
recommend,4
involving,4
mathematical,4
messaging,4
demonstrable,4
prides,4
connectivity,4
asa,4
aligning,4
dba,4
cohort,4
makes,4
bpss,4
cosmetics,4
sewell,4
wallis,4
pivot,4
demanding,4
decades,4
simplicity,4
sporting,4
dream,4
completed,4
portfolios,4
precise,4
reimagining,4
coffee,4
introduced,4
promptly,4
variance,4
cma,4
talking,4
acclaimed,4
poised,4
hotel,4
targets,4
wakefield,4
retained,4
merje,4
suited,4
wex,4
afraid,4
earth,4
backup,4
static,4
minutes,4
traditional,4
watford,4
expands,4
lot,4
sense,4
explain,4
flair,4
solihull,4
controller,4
routes,4
deal,4
sport,4
axon,4
moore,4
added,4
allows,4
drivers,4
acting,4
discovering,4
extensions,4
itrent,4
wizard,4
games,4
transactions,4
investigate,4
errors,4
helped,4
formed,4
ill,4
demonstrate,4
campaigns,4
liaison,4
centralise,4
fte,4
efficiently,4
ranging,4
unit,4
strongly,4
acquisitions,4
radio,4
tag,4
broster,4
buchanan,4
third,4
taken,4
bright,4
remit,4
disrupting,4
jurisdictions,4
promising,4
sensitive,4
bulk,4
query,4
numerical,4
expect,4
encompass,4
beautiful,4
proficient,4
coordinate,4
bids,4
detect,4
held,4
fpsg,4
aims,4
cities,4
rules,4
green,4
securities,4
stretching,4
superior,4
shareholder,4
honing,4
broughton,4
caerphilly,4
elements,4
movement,4
almost,4
traded,4
components,4
frequently,4
visa,4
iam,4
privately,4
localisation,4
might,4
revolutionizing,4
awe,4
cheltenham,4
lunches,4
floated,4
graph,4
theory,4
empowering,4
begin,4
placing,4
nlp,4
maximise,4
biological,4
environments,4
rust,4
tpm,4
windsor,4
paralegal,4
worlds,4
patent,4
networking,4
collect,4
laravel,4
talk,4
runs,4
packaging,4
approaches,4
sixth,4
contractor,4
fullstack,4
auditing,4
dorking,4
chains,4
wisbech,4
schools,4
rail,4
metamindz,4
fractional,4
ctos,4
nhs,4
input,4
ads,4
affairs,4
pqe,4
ambitions,4
round,4
repeatable,4
cure,4
automate,4
enrich,4
transparent,4
devsecops,4
supplying,4
fundamental,4
gcp,4
peripatetic,4
visits,4
often,4
bioinformatician,4
algorithms,4
judged,4
silicon,4
valley,4
physics,4
newton,4
colmore,4
acknowledged,4
described,4
haircare,4
contaminated,4
cactus,4
ciso,4
stake,4
embedding,4
golang,4
handles,4
english,4
iso,4
middle,4
thursday,4
striving,4
ambient,4
respiratory,4
adequate,4
december,4
contribution,4
cpu,4
nuclear,4
zscaler,4
brief,4
tackling,4
therapies,4
presales,4
monumental,4
trial,4
adult,4
herefordshire,4
diagnostic,4
resulted,4
fly,4
registers,4
prioritising,4
summaries,4
backgrounds,4
citizen,4
hydrology,4
consultancies,4
prioritise,4
submission,4
contrac,4
residents,4
coastal,4
drainage,4
broadband,4
respectful,4
contracts,4
slr,4
patented,4
addepar,4
store,4
gene,4
therapy,4
distributed,4
sercel,4
advances,4
protocols,4
pearson,4
carter,4
touch,4
edo,4
nie,4
biomass,4
disease,4
bsi,4
camlin,4
darktrace,4
damage,4
realize,4
benchmarked,4
command,4
alliance,4
subcontracted,4
dreams,4
enter,4
hydrologist,4
excursions,4
gondolin,4
inverness,4
inspections,4
commissioning,4
perth,4
covers,4
locogen,4
quick,3
affect,3
recognise,3
internet,3
powerhouse,3
dbfo,3
automations,3
intermediaries,3
welcoming,3
operated,3
everyday,3
taste,3
depots,3
sushi,3
cooking,3
original,3
stores,3
street,3
unite,3
american,3
alerts,3
srm,3
interfaces,3
installation,3
electric,3
thorpe,3
treat,3
lowell,3
according,3
sharing,3
tactical,3
bridging,3
check,3
income,3
attend,3
interview,3
borough,3
ptp,3
happening,3
plc,3
enabled,3
rollout,3
purchases,3
trent,3
generating,3
rental,3
middlesex,3
bricks,3
avid,3
consolidate,3
eventually,3
van,3
powerbi,3
physical,3
harnham,3
enthusiast,3
sizes,3
tableau,3
spent,3
tuesday,3
turnover,3
championing,3
upgrade,3
genuine,3
gaps,3
kpis,3
extracting,3
looker,3
elite,3
opened,3
andrews,3
prize,3
measurable,3
host,3
pmi,3
planned,3
membership,3
placed,3
update,3
maintained,3
avencia,3
cisco,3
owning,3
met,3
seamlessly,3
troubleshoot,3
resolve,3
commodities,3
amounts,3
internationally,3
knows,3
checks,3
kingston,3
mining,3
wednesday,3
associates,3
fill,3
portsmouth,3
interact,3
calibre,3
widely,3
volume,3
discounted,3
subsidised,3
accelerator,3
discounts,3
belt,3
transcripts,3
regulator,3
action,3
populating,3
attendance,3
optimization,3
tens,3
slough,3
wholesaler,3
segmentation,3
clearly,3
acquiring,3
applicant,3
kick,3
removing,3
aat,3
beauty,3
weybridge,3
directory,3
laptop,3
sheet,3
marks,3
sattin,3
assigned,3
sounds,3
uphold,3
proposals,3
loads,3
relatively,3
gradually,3
bigger,3
ranking,3
redhill,3
testers,3
acceptance,3
mainstream,3
cards,3
kay,3
authorised,3
issuing,3
pib,3
rated,3
libraries,3
junction,3
refreshing,3
alternative,3
studies,3
nearing,3
spot,3
varying,3
biochemistry,3
petersfield,3
chase,3
mid,3
weekends,3
specializes,3
haywards,3
adaptive,3
organizational,3
footprint,3
loved,3
aspiring,3
scripts,3
ago,3
mergers,3
aiding,3
schedule,3
salt,3
channels,3
tests,3
competitor,3
surge,3
decks,3
actuals,3
final,3
occasionally,3
walker,3
cole,3
appointment,3
hemel,3
hempstead,3
navigate,3
retains,3
maintains,3
struggle,3
spa,3
philosophy,3
equifind,3
boasts,3
aca,3
delegated,3
minimal,3
adding,3
maybe,3
amazon,3
broking,3
component,3
etls,3
int,3
defense,3
edi,3
conversion,3
roll,3
presented,3
hazards,3
managerial,3
iconic,3
collateral,3
clearing,3
onboarding,3
outdoor,3
meant,3
bupa,3
unprecedented,3
catalogue,3
makers,3
finalist,3
microstrategy,3
hampshire,3
sas,3
promotions,3
learners,3
ewm,3
bath,3
predicted,3
breaches,3
communicating,3
force,3
relating,3
adhering,3
red,3
previously,3
vacancies,3
globe,3
urgent,3
orchestrating,3
pragmatic,3
night,3
approved,3
periods,3
separate,3
personnel,3
consideration,3
exclusive,3
supervision,3
sdlc,3
living,3
residence,3
exceed,3
replaces,3
completing,3
scoring,3
sort,3
edtech,3
practically,3
states,3
reimbursed,3
advisors,3
positively,3
degrees,3
engine,3
fluent,3
triage,3
disposal,3
pytorch,3
innovations,3
lecturer,3
gold,3
starts,3
arm,3
churn,3
advancements,3
contributor,3
serving,3
actuary,3
economy,3
classroom,3
simplify,3
wearable,3
scalability,3
derive,3
staffing,3
biologist,3
wise,3
fundraising,3
outreach,3
lender,3
collections,3
barking,3
stealth,3
phone,3
russell,3
prospective,3
rather,3
cheerful,3
outlets,3
dawn,3
ellmore,3
attorneys,3
implemented,3
inventors,3
intensifying,3
recruiters,3
screen,3
workflow,3
stream,3
wade,3
deacon,3
volumes,3
valuations,3
academy,3
capacity,3
influencing,3
collective,3
accreditation,3
roofer,3
architectures,3
structures,3
repairing,3
timber,3
ashford,3
pharmacy,3
difficult,3
cad,3
consumers,3
bdm,3
faster,3
total,3
applied,3
securing,3
blackpool,3
positioned,3
derbyshire,3
specialized,3
mbda,3
vary,3
result,3
whatever,3
professionally,3
articulate,3
emails,3
strengths,3
generates,3
airline,3
continents,3
microservices,3
intersection,3
remuneration,3
aid,3
routine,3
cto,3
hydrographic,3
nearshore,3
prevention,3
registered,3
collaborates,3
targeting,3
edv,3
blueprint,3
dollars,3
shrewsbury,3
eliminating,3
diligence,3
aptitude,3
aiming,3
fluency,3
inorganic,3
territory,3
craft,3
taylor,3
suitably,3
prevalent,3
indoor,3
dealing,3
officers,3
players,3
among,3
loyalty,3
bng,3
meat,3
however,3
indepth,3
cio,3
revolutionary,3
derby,3
saturday,3
vacation,3
decarbonisation,3
revolutionize,3
child,3
district,3
viable,3
greatly,3
nights,3
stable,3
northampton,3
perfectly,3
disruptive,3
lawyer,3
outskirts,3
imultiply,3
knowing,3
forty,3
solicitor,3
restoration,3
emergency,3
sights,3
instruction,3
improves,3
verticals,3
heavyweight,3
titans,3
coach,3
commitments,3
alces,3
geometric,3
teamwork,3
conveyancing,3
trusts,3
grassroots,3
walks,3
anticipate,3
threepipe,3
classification,3
battery,3
exeter,3
tight,3
knit,3
mechanical,3
garden,3
ecologists,3
cadcorp,3
programmer,3
comply,3
relentlessly,3
respecting,3
differences,3
coast,3
strap,3
uki,3
emeia,3
sec,3
wish,3
shall,3
measure,3
integrates,3
harlington,3
ocado,3
grocery,3
entrusted,3
relationship,3
bilfinger,3
ncr,3
forums,3
welsh,3
seating,3
chronic,3
promise,3
passenger,3
determined,3
undertaken,3
thresholds,3
file,3
governments,3
isg,3
restructuring,3
aviva,3
molecular,3
revolution,3
closer,3
genetic,3
safestore,3
show,3
turner,3
townsend,3
agree,3
baseline,3
incorporating,3
potentially,3
opens,3
exercise,3
aircraft,3
tenth,3
passengers,3
match,3
diseases,3
interests,3
crew,3
zonda,3
coupled,3
dailypay,3
choreograph,3
mindshare,3
agent,3
inkjet,3
venterra,3
barnet,3
universal,3
interconnector,3
mate,3
contracted,3
impulse,3
societal,3
countless,3
closure,3
voltage,3
cable,3
inch,3
cape,3
arboricultural,3
thanks,3
rps,3
artemis,3
documents,2
quantities,2
incomplete,2
pin,2
pointing,2
completeness,2
performed,2
profits,2
foodservice,2
utilised,2
numerous,2
easily,2
modernisation,2
mortgage,2
encompasses,2
administered,2
ringway,2
kms,2
road,2
motorway,2
trunk,2
nfu,2
ahead,2
cdia,2
old,2
chariy,2
simple,2
imagine,2
adventure,2
soups,2
pickles,2
lasting,2
resolving,2
maidstone,2
generated,2
revenues,2
thought,2
inequalities,2
factory,2
bargain,2
cut,2
price,2
calisen,2
tradebe,2
wtw,2
combat,2
submitting,2
pillar,2
participate,2
fuels,2
highlight,2
malware,2
instance,2
lunch,2
ecs,2
hyundai,2
peer,2
sociability,2
complementary,2
nsa,2
comprises,2
useable,2
booker,2
tesco,2
replenishment,2
domains,2
aldi,2
esure,2
embodying,2
atmosphere,2
tyneside,2
generations,2
objects,2
configure,2
accessories,2
presentation,2
tables,2
drop,2
northeast,2
dax,2
trend,2
patterns,2
gearing,2
overseas,2
hoddesdon,2
temps,2
joined,2
modernise,2
wednesbury,2
invested,2
reconciles,2
consistence,2
hires,2
untapped,2
entering,2
window,2
exponential,2
stewardship,2
participation,2
hinckley,2
marker,2
intuitive,2
waves,2
competition,2
monetises,2
vouchers,2
subscription,2
import,2
retention,2
oscar,2
kicking,2
ses,2
metering,2
rochdale,2
burton,2
debug,2
diversified,2
quota,2
collating,2
recording,2
collected,2
factors,2
logical,2
kidlington,2
trustee,2
channel,2
decent,2
adapted,2
procure,2
compulsory,2
wild,2
exploratory,2
retaining,2
instructions,2
duck,2
creek,2
hugely,2
birthday,2
lakes,2
cleansing,2
accountabilities,2
resolution,2
complexity,2
assured,2
unparalleled,2
adept,2
buzz,2
offensive,2
gathering,2
interfacing,2
bolton,2
represent,2
tariffs,2
fragrance,2
grafton,2
salford,2
margin,2
efficiencies,2
kcr,2
acca,2
hungry,2
marlow,2
immerse,2
friction,2
collates,2
evaluates,2
encompassing,2
pms,2
pitches,2
segmenting,2
quant,2
flat,2
involvement,2
frimley,2
substantiate,2
preferential,2
periodical,2
costa,2
crunching,2
relate,2
breach,2
totum,2
ebilling,2
bills,2
sra,2
durables,2
finitas,2
submitted,2
keeler,2
receivable,2
remains,2
delighting,2
contenders,2
backer,2
promotion,2
choice,2
cashback,2
later,2
garages,2
digging,2
ikea,2
combo,2
brain,2
guess,2
substantial,2
fragranced,2
castlefield,2
fora,2
northwest,2
fro,2
distributer,2
predicting,2
replenish,2
stocks,2
lucky,2
enough,2
tailor,2
thick,2
exams,2
left,2
box,2
personality,2
costs,2
telling,2
bedtime,2
ones,2
avoid,2
terrible,2
lost,2
chelmsford,2
river,2
payday,2
breakfast,2
absorb,2
maccies,2
successfactors,2
overhead,2
expenditures,2
thoroughly,2
alexander,2
lloyd,2
herts,2
altum,2
immediately,2
usa,2
accountants,2
mayfair,2
football,2
albion,2
embracing,2
sussex,2
swiftly,2
minimising,2
defend,2
yields,2
unnecessary,2
skin,2
invaluable,2
dorset,2
devise,2
proving,2
confidently,2
wokingham,2
warrington,2
inquisitive,2
examine,2
breathes,2
lawfront,2
preventative,2
pontoon,2
nantwich,2
merchant,2
manufactuirng,2
commercialisation,2
alter,2
scratch,2
ealing,2
mhr,2
chiswick,2
consolidated,2
packs,2
cashflow,2
cycles,2
pagegroup,2
casino,2
avp,2
heights,2
reconciliations,2
flash,2
variances,2
intune,2
financer,2
leamington,2
grades,2
grammatical,2
standby,2
duty,2
list,2
broaden,2
mature,2
follow,2
labour,2
incrementally,2
root,2
causes,2
music,2
royalties,2
informatics,2
oil,2
uxbridge,2
resilience,2
sellick,2
lpm,2
relish,2
gets,2
wythenshawe,2
six,2
robet,2
sharp,2
refresh,2
synthesizing,2
runningon,2
bordereaux,2
hols,2
depth,2
netsuite,2
kennedypearce,2
interviews,2
aggressive,2
endpoint,2
bexley,2
pull,2
fpa,2
dominating,2
mycsp,2
festive,2
multifunction,2
versus,2
chartered,2
criminal,2
fight,2
assortments,2
reshape,2
walsall,2
publisher,2
ssas,2
functionally,2
raised,2
lincoln,2
suggesting,2
observational,2
board,2
mitigating,2
volunteering,2
shipping,2
vessel,2
cat,2
satisfaction,2
uks,2
sunderland,2
familiar,2
lloyds,2
route,2
manually,2
posted,2
apr,2
meraki,2
govern,2
allocation,2
inspection,2
interactive,2
amongst,2
holistic,2
grangemouth,2
embarked,2
heat,2
vehicles,2
manner,2
legislation,2
relation,2
overarching,2
outcome,2
talents,2
proudly,2
journals,2
llandudno,2
meritus,2
port,2
moving,2
envolve,2
serves,2
mifid,2
unity,2
lifetime,2
extended,2
peace,2
character,2
juliette,2
lister,2
lisa,2
tremlett,2
historic,2
surroundings,2
nfp,2
attractions,2
remotely,2
sponsor,2
funded,2
applicable,2
coordination,2
dependency,2
fellowship,2
algorithm,2
sailpoint,2
chat,2
germany,2
codeless,2
modernised,2
gui,2
revised,2
revisions,2
replacing,2
focussing,2
transferring,2
healthtech,2
consultation,2
enterprises,2
brown,2
maximizing,2
uplifting,2
willingness,2
interaction,2
personalisation,2
dublin,2
gloucester,2
captures,2
satellites,2
prevent,2
sees,2
southwest,2
genai,2
startups,2
recommender,2
portfoilio,2
courses,2
diversify,2
intricate,2
situated,2
staying,2
inference,2
prioritizing,2
propose,2
appointed,2
stages,2
spaces,2
dagenham,2
mental,2
audio,2
mode,2
scorecards,2
rigorous,2
quants,2
away,2
happens,2
tyne,2
nurturing,2
sells,2
pace,2
plymouth,2
introduce,2
aligns,2
composed,2
enjoying,2
sold,2
councils,2
piloting,2
raising,2
hill,2
fuelled,2
youwill,2
certification,2
modernization,2
checking,2
reviewed,2
regularly,2
lower,2
marshall,2
wolfe,2
inizio,2
ophthalmic,2
bromley,2
groundworks,2
carpenter,2
upvc,2
doors,2
pharmica,2
preserve,2
aldershot,2
billingshurst,2
lewes,2
modeler,2
vle,2
eurasia,2
certified,2
civils,2
healthhero,2
france,2
toolbox,2
doubling,2
lifting,2
cognitive,2
unless,2
mtrx,2
favourite,2
creatives,2
convert,2
absolutely,2
killer,2
hook,2
editors,2
anticipated,2
majority,2
samworth,2
proportion,2
premium,2
regulations,2
recognises,2
statement,2
imminently,2
landed,2
wins,2
topics,2
isa,2
financing,2
dementia,2
fundraiser,2
innovator,2
neurodiverse,2
dyslexia,2
electro,2
sign,2
birchgrove,2
operator,2
lend,2
healthy,2
sopra,2
cluk,2
promote,2
hall,2
durham,2
lawyers,2
zellis,2
resonate,2
segmented,2
state,2
toolkits,2
chan,2
preventing,2
avoiding,2
imc,2
greener,2
git,2
terraform,2
django,2
adherence,2
practitioners,2
gradient,2
boosted,2
dense,2
institute,2
productivity,2
everywhere,2
reimagine,2
nda,2
sevices,2
leveral,2
powers,2
academics,2
welcomed,2
inventor,2
charged,2
prototypes,2
dollar,2
liability,2
functioning,2
synergy,2
pathology,2
clozapine,2
hcpc,2
speaking,2
agrochemical,2
srg,2
bioscience,2
realtime,2
messages,2
buyer,2
casualty,2
treaty,2
maintainable,2
usability,2
researchers,2
attracted,2
enormous,2
auditor,2
cannock,2
auditors,2
digit,2
lorien,2
techies,2
intention,2
principles,2
eagerness,2
tailoring,2
spring,2
complaints,2
adverse,2
french,2
screed,2
cement,2
oat,2
aztec,2
connections,2
potters,2
bar,2
yearly,2
innovating,2
exec,2
shapes,2
museum,2
escape,2
hustle,2
bustle,2
relocate,2
somewhere,2
stunning,2
scenery,2
restaurants,2
smoothly,2
runcorn,2
cgmp,2
otc,2
fortnight,2
minute,2
chartership,2
mandatory,2
predict,2
microarchitecture,2
toolchains,2
comprised,2
completion,2
aged,2
cater,2
undergo,2
agents,2
profectus,2
normal,2
journalists,2
reputed,2
interface,2
halewood,2
answered,2
tower,2
hamlets,2
mkt,2
msp,2
summarising,2
heathtech,2
envision,2
regulators,2
alike,2
ideation,2
wonderful,2
compassionate,2
deals,2
braintree,2
npd,2
preserving,2
writer,2
trials,2
signalling,2
repair,2
branch,2
rolling,2
legaltech,2
executives,2
broker,2
inquiries,2
conversation,2
hvac,2
graphics,2
paraplanner,2
beta,2
iot,2
japanese,2
thats,2
authoritative,2
biosensors,2
biomarker,2
correlation,2
items,2
falkirk,2
sustained,2
forest,2
lothian,2
diversity,2
genetics,2
black,2
soldier,2
canbus,2
perhaps,2
barron,2
williams,2
fda,2
gmp,2
rotation,2
diamond,2
represents,2
reflective,2
bridgend,2
pennaeth,2
ombwdsmon,2
cymru,2
rights,2
disability,2
today,2
aging,2
scrutiny,2
instructional,2
generator,2
christmas,2
locum,2
nurse,2
doctor,2
qualifying,2
super,2
scratched,2
surface,2
intend,2
feels,2
quays,2
fcc,2
underpin,2
holds,2
cabling,2
esri,2
gxo,2
architects,2
hydrological,2
transportation,2
creates,2
thing,2
thus,2
liking,2
gov,2
numeracy,2
upskill,2
chipping,2
rates,2
neg,2
consultative,2
methodical,2
soon,2
hubs,2
reaches,2
resolute,2
finishing,2
earliest,2
mvc,2
drafting,2
agreements,2
gdpr,2
selections,2
shortly,2
convey,2
convera,2
intricacies,2
transitioning,2
pem,2
exposing,2
typeform,2
temperature,2
scs,2
analystto,2
return,2
passed,2
aladdin,2
america,2
methodologies,2
maximize,2
availability,2
aggregates,2
trillion,2
snappy,2
balancing,2
cgg,2
feed,2
environmentally,2
euros,2
alone,2
saves,2
belonging,2
viewpoint,2
equal,2
mirrors,2
deployed,2
clinician,2
telephone,2
intervention,2
callers,2
aldermore,2
ingenuity,2
fhir,2
supervisory,2
effort,2
modernize,2
defines,2
enforces,2
equips,2
inner,2
workings,2
undergraduate,2
pursuing,2
necessitate,2
meticulously,2
crafted,2
outset,2
finest,2
questioning,2
conventional,2
hate,2
remove,2
roadblocks,2
instead,2
approximately,2
arnott,2
thales,2
billons,2
interactions,2
verify,2
identities,2
grant,2
fosse,2
weather,2
historical,2
uncertain,2
thinkers,2
fair,2
biomodal,2
genomic,2
discoveries,2
personalised,2
variation,2
tells,2
story,2
yielding,2
neurological,2
billions,2
lightcast,2
authentic,2
dsai,2
fourth,2
jobmatcha,2
alan,2
turing,2
interdisciplinary,2
gsk,2
akka,2
workplaces,2
elucidate,2
soft,2
evelyn,2
bets,2
nice,2
fulfilling,2
barclays,2
deter,2
buildings,2
closed,2
dentons,2
boosting,2
morale,2
labs,2
mep,2
malin,2
printing,2
intern,2
iii,2
jpmorgan,2
awarding,2
vocational,2
unauthorised,2
cranleigh,2
rna,2
transitioned,2
architectural,2
therapeutic,2
rockstar,2
conception,2
apart,2
argyll,2
keller,2
nesta,2
srt,2
mainland,2
carried,2
therapeutics,2
toxicology,2
nationalvoluntary,2
branded,2
uptake,2
awttc,2
undertaking,2
measurements,2
ipc,2
mouldings,2
voluntary,2
ocho,2
brains,2
boardroom,2
equip,2
question,2
predominately,2
reserves,2
broadtechnical,2
understandingwill,2
knowledgefrom,2
sqland,2
aesthetic,2
woodlands,2
boiler,2
waterman,2
aspen,2
welcomes,2
ntt,2
centers,2
computacenter,2
welwyn,2
tide,2
humanities,2
modify,2
configuring,2
rsk,2
swimming,2
baby,2
smiles,2
ainsley,2
anstess,2
dalcour,2
hydrogen,2
mitigation,2
respective,2
poweron,2
poa,2
personally,2
pet,2
clicking,2
wondering,2
continental,2
substations,2
hvdc,2
ssen,2
prefers,2
farm,2
ash,2
amey,2
invertebrates,2
splash,2
amp,2
brimming,2
wetland,2
slash,2
identification,2
affected,2
shaped,2
moderate,2
noise,2
acoustics,2
vernova,2
stafford,2
agroecology,2
settings,2
depend,2
edm,2
sewer,2
flooding,2
cctv,2
fitter,2
lampeter,2
wardell,2
armstrong,2
enerveo,2
considerations,2
ballymena,2
leakage,2
nbdc,2
arup,2
